source_id,title,xml_url,canonical_xml_url
e6746a52351eace5087734643dfde685cf1c732d48c27c13c179b86c08f153c2,Adelante - Inicio,https://www.adelante.cu/index.php/es/?format=feed&type=rss,https://adelante.cu/index.php/es?format=feed&type=rss
a8dd2e980df490d58f49fbad88baa78c929723b469d4fba290acde626ea312d2,"Si Semok – Nonton Video Yang Lagi Viral Indonesia, Jepang Dan Barat Terbaru",https://apps.adcam.org/feed/,https://apps.adcam.org/feed
49e45c1d0a77e7e2afc6223deb6acb7dbf33fdd796b83e0a8c8146289e5d754d,"Si Semok – Nonton Video Yang Lagi Viral Indonesia, Jepang Dan Barat Terbaru",https://appss.adcam.org/feed/,https://appss.adcam.org/feed
54529a628ceab0edc0beb6be83ec7f515795598db583a92152975795ce80f349,أخبار الصحة | يورونيوز RSS,https://arabic.euronews.com/rss?level=program&name=health-news,https://arabic.euronews.com/rss?level=program&name=health-news
7ceb074e0e29adce8bd3e9d70e85ce00b7a49086dc324f70ff2af8b66edf32b2,العالم | يورونيوز RSS,https://arabic.euronews.com/rss?level=program&name=world,https://arabic.euronews.com/rss?level=program&name=world
b27c7713983de93645eedd0cb5657f97462f4d4e5530abb9f08081199a7fd475,News | يورونيوز RSS,https://arabic.euronews.com/rss?level=vertical&name=news,https://arabic.euronews.com/rss?level=vertical&name=news
d0935bb99c696ec107e889badd97f10f8c49afff0def49a796a20dd4fee171ea,Backpacker,https://www.backpacker.com/feed/,https://backpacker.com/feed
9af86a356c5f4b2e0d4e4f964e4d0bba2feca8ee8cce7c86de6bdc764c5d5438,Backpacker,https://www.backpacker.com/feed/?scope=anon,https://backpacker.com/feed?scope=anon
3709cb8d0d355ac16889fab700dccb075803b683c9b8240ef2bb7c1139c09401,Climbing,https://www.climbing.com/feed/,https://climbing.com/feed
e37485a67c5f9d59bd63a169ff228179f0e89d64dda22e0b6f0a7beda958de12,Climbing,https://www.climbing.com/feed/?scope=anon,https://climbing.com/feed?scope=anon
0b21c8e117a3088b223329f8196af329cb0315702c40f9fa5621d261bba9d769,CY Tech,https://cytech.cyu.fr/adminsite/webservices/export_rss.jsp?NOMBRE=10&CODE_RUBRIQUE=1589970736751&LANGUE=0,https://cytech.cyu.fr/adminsite/webservices/export_rss.jsp?NOMBRE=10&CODE_RUBRIQUE=1589970736751&LANGUE=0
26283901d8dbf12fb42ec8dea1e2ba7f0ba35948b333f098e7912a76e93069d6,Diario El Expreso - Inicio,http://www.diarioelexpreso.com.ve/?format=feed&type=rss,https://diarioelexpreso.com.ve?format=feed&type=rss
875b81286cd726e766d6b2a014ee1e00e182ab5672a57a6b30ab978ac1c70852,Dynamic Business,https://dynamicbusiness.com/feed/,https://dynamicbusiness.com/feed
f7132e9a44edddbae6f5396f8868e88481537dcf53c46990ca434c68a74d764c,Dynamic Business,https://dynamicbusiness.com/feed.xml,https://dynamicbusiness.com/feed.xml
0b25d2265b0a40b13a8e19cd26626adbe96f385c0f1fb370ca60c363c9031110,El médico interactivo,https://www.elmedicointeractivo.com/feed/?gs=0&token=q5sx7dJD9cMqZfre%2BQGkNoKrz89nCfwdJUa2GOQInjMRds%2FZIE6%2BsWyojJqGYADS1wtWsYLWE%2FXi5Zdzx4vrrvOQSwmxOqktHZm5YQYfx417F8pXFXrVV9OMEvsMdfeJyr7Xxj0OAqBdXbXT8lheHAt9UYX%2BaFVKymu78SOOmsLLRFyV8vmsxWOkZn4mJSMOjW3t8yPwRoqFP12ofnivue0W2XKDRRXoV1Rj4cZWyxSswQT0v00ZL63%2FWnd2fzdtWf%2B0a78fVioTQzDxxHhH%2BWPdmjqucmrU5qAN6MPCDPLNjH8ne53zkewsDaOqoJn1MMwSqP5guE3GghPqxdGrGgO05uIHdyVSD7x6AkYT6HI6xrRY3LRcseWmLkGFNvRWGm4gRHX60ww0GmbWQhmHzwwv6YyoAal9V4CmcqB6QIdc7dSy5BES5XAmbZfrJsoM,https://elmedicointeractivo.com/feed?gs=0&token=q5sx7dJD9cMqZfre%2BQGkNoKrz89nCfwdJUa2GOQInjMRds%2FZIE6%2BsWyojJqGYADS1wtWsYLWE%2FXi5Zdzx4vrrvOQSwmxOqktHZm5YQYfx417F8pXFXrVV9OMEvsMdfeJyr7Xxj0OAqBdXbXT8lheHAt9UYX%2BaFVKymu78SOOmsLLRFyV8vmsxWOkZn4mJSMOjW3t8yPwRoqFP12ofnivue0W2XKDRRXoV1Rj4cZWyxSswQT0v00ZL63%2FWnd2fzdtWf%2B0a78fVioTQzDxxHhH%2BWPdmjqucmrU5qAN6MPCDPLNjH8ne53zkewsDaOqoJn1MMwSqP5guE3GghPqxdGrGgO05uIHdyVSD7x6AkYT6HI6xrRY3LRcseWmLkGFNvRWGm4gRHX60ww0GmbWQhmHzwwv6YyoAal9V4CmcqB6QIdc7dSy5BES5XAmbZfrJsoM
8e7c519d5baea7be0841535d6b9e327292368ec8057ada41b4ca6a02fe3a223c,El médico interactivo,https://www.elmedicointeractivo.com/feed/?gs=0&token=x1LJxBRt%2BhfhY0g2yezi%2BxFnssJN8OYZ2u8v10tSXMzuPhTi8aoBcr2j8VSEnZTWISfA7mAPQ%2FFDHu09we3gawLgPSXaLGxmXYgh7UHuyoBRh2uFUzyLRU9nMeVCbtygXq5eFTwv48mH%2BVqsz8moNqcvR%2BI6aibs%2FM%2FZnDjzOS162qI6gbOCiOQ1UgbBvP3hVRNSteGLXimzGL02umT6A7Gxg2OY8XNFHzoSnn0EbkAox%2BOnpLB1FSIDDOgEr1NeUwtmAycCattOKMcNSYMnsoS5YPpKYWUvx60nUlYux4tmLBlTZk1A76YN5z82NWpf3dS%2Ff5zrB%2ByWiUJkpyogz%2BWpxlnHekQ%2F9DsUsdhTzze6uiDj9dSWDDidJxRfzwMd3ijQa2pBc0LcYlSGCvPPF1NCkUB3ju6R1rRMMqNP5M4%3D,https://elmedicointeractivo.com/feed?gs=0&token=x1LJxBRt%2BhfhY0g2yezi%2BxFnssJN8OYZ2u8v10tSXMzuPhTi8aoBcr2j8VSEnZTWISfA7mAPQ%2FFDHu09we3gawLgPSXaLGxmXYgh7UHuyoBRh2uFUzyLRU9nMeVCbtygXq5eFTwv48mH%2BVqsz8moNqcvR%2BI6aibs%2FM%2FZnDjzOS162qI6gbOCiOQ1UgbBvP3hVRNSteGLXimzGL02umT6A7Gxg2OY8XNFHzoSnn0EbkAox%2BOnpLB1FSIDDOgEr1NeUwtmAycCattOKMcNSYMnsoS5YPpKYWUvx60nUlYux4tmLBlTZk1A76YN5z82NWpf3dS%2Ff5zrB%2ByWiUJkpyogz%2BWpxlnHekQ%2F9DsUsdhTzze6uiDj9dSWDDidJxRfzwMd3ijQa2pBc0LcYlSGCvPPF1NCkUB3ju6R1rRMMqNP5M4%3D
eec1c5da466c19682d8434f26d2ddbd7b23a5c7c81b78d7c4bdcd18e1e5e72d3,Nollywood Reinvented,http://feeds.feedburner.com/NollywoodReinvented,https://feeds.feedburner.com/NollywoodReinvented
39f108928885f5203f7e92f77f4f4b4dbfb3850d43e62949d2e4e0baee623cc3,L'actu De La Culture | Flux RSS Euronews,https://fr.euronews.com/rss?level=program&name=l-actu-de-la-culture,https://fr.euronews.com/rss?level=program&name=l-actu-de-la-culture
8fc0a5a20206a1a728c956a35b566a1ad2b433091c40dacee10277304d7c2830,Swiss IT Magazine - News,https://www.itmagazine.ch/rss/news.xml?CFID=5e6fa560-9ac6-4434-8a4b-1515daff0b89&CFTOKEN=0,https://itmagazine.ch/rss/news.xml?CFID=5e6fa560-9ac6-4434-8a4b-1515daff0b89&CFTOKEN=0
ef141586960d64c4ac9d15f154e53fbca1eddf2beab2964630f45081766264b0,Swiss IT Magazine - News,https://www.itmagazine.ch/rss/news.xml?CFID=b38e2736-d572-42ed-abdc-f1cdc7a1b4d2&CFTOKEN=0,https://itmagazine.ch/rss/news.xml?CFID=b38e2736-d572-42ed-abdc-f1cdc7a1b4d2&CFTOKEN=0
0b238ad5ec29ece6a3d7248bdc64274192a4909988700f3b1457fcc47e499afe,JazzTimes,https://www.jazztimes.com/feed/?v=5435c69ed3bc,https://jazztimes.com/feed?v=5435c69ed3bc
04017095056e047748bb6db2442501de70cf782f8b9f21946c9b897558aedf32,JazzTimes,https://www.jazztimes.com/feed/?v=a672068055fa,https://jazztimes.com/feed?v=a672068055fa
8d06868102502f058ad54931a59cd70f58593eb286cd91195eb1a0e5d8a7705e,Aktuality,https://www.luno.hu/index.php?format=feed&type=rss,https://luno.hu/index.php?format=feed&type=rss
e2a76a7d03c433405648a76886d4662d4fc1b486f3de7042e5961d6998c99b09,Nexus Magazine,https://nexusmagazine.com/feed/?v=2c18c36508d1,https://nexusmagazine.com/feed?v=2c18c36508d1
6130c01a549d62ba929e609426d23446ee7685e097976be9b6ce716d7a6fcb99,Nexus Magazine,https://nexusmagazine.com/feed/?v=5435c69ed3bc,https://nexusmagazine.com/feed?v=5435c69ed3bc
b703082fec2e9ee0dd3c0725c9fb82c7a90b1a7e9fbf972e0b1551cdcb494e51,Nollywood Reinvented,https://nollywoodreinvented.com/feed,https://nollywoodreinvented.com/feed
40d195da27790b1fbf35490877fa3d91d4c8b69642bfd37988b36f091f5657cf,Notifications RSS feed,https://odo.lv/xwiki/rest/notifications/rss?userId=&count=50&useUserPreferences=false&displayOwnEvents=true,https://odo.lv/xwiki/rest/notifications/rss?userId=&count=50&useUserPreferences=false&displayOwnEvents=true
47ae024cb204e8f71d2fc40680fbaa7800ebc3b8e044ec625a932e9ffefae2be,Oolong Owl,https://oolongowl.com/feed/,https://oolongowl.com/feed
d4058d62b5be203d91970f2bc15e635c563714214a5c466b85ab4d177b0ee573,Oolong Owl,https://oolongowl.com/feed/?doing_wp_cron=1785563944.7617900371551513671875,https://oolongowl.com/feed?doing_wp_cron=1785563944.7617900371551513671875
6f128e0869e4dcc76295ff957a1c40494ce5b8bc355eb03ecb7736b62b2bb185,OpenGov Asia,https://opengovasia.com/feed/,https://opengovasia.com/feed
08155f834da7accda4b66c02b0c1dd2ce1bfcf7d7f183e09e9d458d77ea20c02,OpenGov Asia,https://opengovasia.com/feed/?c=ca,https://opengovasia.com/feed?c=ca
62e9a1ace989cfb36894ce4d2cdc752c8b9a425ca36162ebe04bc0ba50c0a8f6,Outside Online,https://www.outsideonline.com/feed/,https://outsideonline.com/feed
4cc9a71f91dd186a4eede51d5d75a3f4ca9d864ac3e1029b0b8d0de9b31c4187,Outside Online,https://www.outsideonline.com/feed/?scope=anon,https://outsideonline.com/feed?scope=anon
55dbf2f72e0f6632e42f11f7c9157679468cec8e63564e8c783f251e13c76e87,ProCyclingUK,https://procyclinguk.com/feed/?doing_wp_cron=1785563846.3106861114501953125000,https://procyclinguk.com/feed?doing_wp_cron=1785563846.3106861114501953125000
aa624b3368e5cc08de9cfb8d5625987328d1ce7fb8fe6edc6e1c2f5f463255ce,ProCyclingUK,https://procyclinguk.com/feed/?doing_wp_cron=1785749440.0240681171417236328125,https://procyclinguk.com/feed?doing_wp_cron=1785749440.0240681171417236328125
9c8f9f0094ee57cb9aa5e7a043e48dc788e1334582e4b9b96ea81ad67c6d17c1,"Cuentos dulces, cuentos amargos",https://www.radionacional.com.ar/category/cuentos/feed/,https://radionacional.com.ar/category/cuentos/feed
8856b025f2a8fd0564ee20acb4f57c08952eebec6a6f5d60bce229c939f6bf1b,Tenemos que hablar,https://www.radionacional.com.ar/category/podcasts/tenemos-que-hablar/feed/podcast/,https://radionacional.com.ar/category/podcasts/tenemos-que-hablar/feed/podcast
968d379df150b88421fff111d65add00d77ac6e48dcf1f9615188bd685e01b73,"Cuentos dulces, cuentos amargos",https://www.radionacional.com.ar:443/category/cuentos/feed/,https://radionacional.com.ar:443/category/cuentos/feed
bd6843442ac5cc1bc633bd13a502869c9de8b80cf7b3a67483279d8a1317c387,Tenemos que hablar,https://www.radionacional.com.ar:443/category/podcasts/tenemos-que-hablar/feed/podcast/,https://radionacional.com.ar:443/category/podcasts/tenemos-que-hablar/feed/podcast
6884c7bb5d9af3e3e6f5c98e87dd0545da3deb43a1f510546bb685888468c595,Trail Runner Magazine,https://www.trailrunnermag.com/feed/,https://trailrunnermag.com/feed
33f3a49e20e8c16727d77a06cc1fdfadbae7de3282b4f40dd87acf56d4958279,Trail Runner Magazine,https://www.trailrunnermag.com/feed/?scope=anon,https://trailrunnermag.com/feed?scope=anon
b2eb19b2b8d6a19354b96dcc89a8b120522a98ae8e5fbd0641ac8c3ad0699073,Triathlete,https://www.triathlete.com/feed/,https://triathlete.com/feed
b4be1e4b9ab0b8538aab972ec51e0c14196de55facd599ed2268b4806680c1df,Triathlete,https://www.triathlete.com/feed/?scope=anon,https://triathlete.com/feed?scope=anon
54226f20f2c648f0a385daeb77f4109d1cdca1fea4eededf3f0ebcdcff97baf2,V&A Blog,https://www.vam.ac.uk/blog/feed,https://vam.ac.uk/blog/feed
53cd3294428897292c2a904d4d820d6b4f320f99837533cc8a072061927d05c9,V&A Blog,https://www.vam.ac.uk/blog/feed?doing_wp_cron=1785567680.4702188968658447265625,https://vam.ac.uk/blog/feed?doing_wp_cron=1785567680.4702188968658447265625
fe10f4f1c629d21c2422bc5894e657e77bf105cbb9a66608aad0dbd0ea7a4a37,Portada - Periódico Vanguardia,https://www.vanguardia.cu/?format=feed&type=rss,https://vanguardia.cu?format=feed&type=rss
5be79e7fcf0642e12a715c29dbeb10df72a439429fe66a98202e8ceac9cc1e74,Velo,https://velo.outsideonline.com/feed/,https://velo.outsideonline.com/feed
a2b88daa757bbe5c38afbdf53834feb79c707c44613f73230753e637c8fbe97b,Velo,https://velo.outsideonline.com/feed/?scope=anon,https://velo.outsideonline.com/feed?scope=anon
65154ea0208dcda3ffc3b2e23aa87e7b928bbb218f21759b15599302091aece2,wamda,https://www.wamda.com/feed,https://wamda.com/feed
7eb1f7a4369de7f3899680ac84fcef5557b74dd43ccc861548f84dbaeaf1fcc6,wamda,https://www.wamda.com:443/feed,https://wamda.com:443/feed
a914314af3338c5285fe246041c7c6b0250c729e17fbe02f225536a4a88ef7cb,World Landscape Architecture,https://worldlandscapearchitect.com/feed/?v=5435c69ed3bc,https://worldlandscapearchitect.com/feed?v=5435c69ed3bc
34841553e5e2324b7b8a7a4a4c586330dc98803b55441629e01f684d28880224,World Landscape Architecture,https://worldlandscapearchitect.com/feed/?v=b870c45f9584,https://worldlandscapearchitect.com/feed?v=b870c45f9584
b376b0b1e7356d431e61d2f458c29cdbdf3f495169484c1393029b51edfe2266,Yoga Journal,https://www.yogajournal.com/feed/,https://yogajournal.com/feed
bd8fa3f3005af07bd9b86aa30b6b76173976c8ff8e2ada9a1bbce967930541ce,Yoga Journal,https://www.yogajournal.com/feed/?scope=anon,https://yogajournal.com/feed?scope=anon
